BOT_ID;IMAGE_ID
2049608114;AQADRrgxG675gFN-
2049608114;AQADR7gxG675gFN-
932020044;AQAD_LYxGwiggFN-
1972795833;AQAD8LUxG0n0gVN-
932020044;AQAD_bYxGwiggFN-
932020044;AQAD_rYxGwiggFN-
940298881;AQADq7gxGw0JAAFTfg
159982658;AQADM7YxG6uogFN-
159982658;AQADNLYxG6uogFN-
159982658;AQADNbYxG6uogFN-
2015237429;AQADprUxG5amgFN-
159982658;AQADNrYxG6uogFN-
2040841214;AQADErYxGz9cgVN-
159982658;AQADN7YxG6uogFN-
2040841214;AQADE7YxGz9cgVN-
2015237429;AQADp7UxG5amgFN-
159982658;AQADOLYxG6uogFN-
2040841214;AQADHLYxGz9cgVN-
2023063257;AQADKLgxGx2pcVN-
2023063257;AQADJ7gxGx2pcVN-
2023063257;AQADJrgxGx2pcVN-
2034151605;AQADrbYxGyVAgVN-
2034151605;AQADsLYxGyVAgVN9
1528456145;AQAD9bQxGyT3gFN-
2037443125;AQADorcxGwXpgVN-
2011900653;AQADyLcxG5LZQVN-
2011900653;AQADTLkxG3WWcFN-
159982658;AQADRrYxG6uogFN-
159982658;AQAD6LUxG2e2aVN-
159982658;AQAD6bUxG2e2aVN-
2011900653;AQADObUxGyZ8gVN9
2011900653;AQAD2bQxGyT3gFN-
2011900653;AQAD2rQxGyT3gFN-
2037443125;AQADlbcxG5yBaFN-
2037443125;AQADpLYxGwXpiVN-
2037443125;AQADpbYxGwXpiVN-
2037443125;AQADprYxGwXpiVN-
2037443125;AQADp7YxGwXpiVN-
2037443125;AQADqbYxGwXpiVN9
940298881;AQADzrUxGxJtgFN-
940298881;AQADz7UxGxJtgFN-
2013264883;AQAD2LcxG6L5iVN-
2013264883;AQAD2bcxG6L5iVN-
2013264883;AQAD27cxG6L5iVN-
2013264883;AQAD37cxG6L5iVN-
2013264883;AQAD4LcxG6L5iVN-
2013264883;AQAD47cxG6L5iVN-
2013264883;AQAD5LcxG6L5iVN-
2013264883;AQAD7LcxG6L5iVN-
2013264883;AQAD8rcxG6L5iVN-
2013264883;AQAD87cxG6L5iVN-
2037443125;AQADsrcxG27niVN9
2037443125;AQADs7cxG27niVN9
2037443125;AQADtLcxG27niVN9
2052628137;AQADzLYxG_v-QFN-
2052628137;AQADzrYxG_v-QFN-
2052628137;AQAD3bcxG-tAiVN-
2037443125;AQADJLgxG27niVN-
2031786802;AQADS7YxG3jUkFN-
1202981103;AQADp7UxG-_9kVN-
2052628137;AQADCrgxG-tAiVN-
2052628137;AQADC7gxG-tAiVN-
2052628137;AQADDLgxG-tAiVN-
2052628137;AQADG7gxG-tAiVN-
1086700179;AQADfrYxG8zOkFN-
2052628137;AQADJLgxG-tAiVN-
2031786802;AQADorYxG3jUkFN-
2031786802;AQADwbYxG3jUkFN-
2052628137;AQADL7gxG-tAiVN-
2013264883;AQADQrYxG6L5kVN-
2013264883;AQADRLYxG6L5kVN-
2013264883;AQADSLYxG6L5kVN-
2013264883;AQADSrYxG6L5kVN-
2013264883;AQADS7YxG6L5kVN-
2013264883;AQADTbYxG6L5kVN-
2013264883;AQADU7YxG6L5kVN-
2013264883;AQADVbYxG6L5kVN-
940298881;AQADBbcxGz12kVN-
940298881;AQADBrcxGz12kVN-
940298881;AQADB7cxGz12kVN-
2013264883;AQADV7YxG6L5kVN-
2013264883;AQADWLYxG6L5kVN-
2013264883;AQADW7YxG6L5kVN-
2013264883;AQADXLYxG6L5kVN-
114855050;AQAD_LUxG_LRkVN-
2013264883;AQADXrYxG6L5kVN-
2013264883;AQADYbYxG6L5kVN-
2013264883;AQADZLYxG6L5kVN-
2013264883;AQADaLYxG6L5kVN-
2013264883;AQADbLYxG6L5kVN-
2013264883;AQADbbYxG6L5kVN-
2013264883;AQADbrYxG6L5kVN-
2013264883;AQADcLYxG6L5kVN-
2013264883;AQADcbYxG6L5kVN-
2013264883;AQADdLYxG6L5kVN-
2034151605;AQADi7YxGyVAgVN-
2034151605;AQADfrYxGyVAgVN-
2034151605;AQADa7UxG5y7mVN9
2034151605;AQADcLUxG5y7mVN-
2034151605;AQADcbUxG5y7mVN-
2034151605;AQADcrUxG5y7mVN-
2034151605;AQADc7UxG5y7mVN-
2034151605;AQADdLUxG5y7mVN-
2034151605;AQADdbUxG5y7mVN-
2034151605;AQADdrUxG5y7mVN-
2034151605;AQADeLUxG5y7mVN-
2023063257;AQADybUxG7BOkFN-
2023063257;AQADyrUxG7BOkFN-
2023063257;AQADy7UxG7BOkFN-
2023063257;AQADzLUxG7BOkFN-
2023063257;AQAD0LUxG7BOkFN-
2023063257;AQAD0bUxG7BOkFN-
2023063257;AQAD0rUxG7BOkFN-
2023063257;AQAD07UxG7BOkFN-
2023063257;AQAD1LUxG7BOkFN-
914522100;AQAD87cxG5SlmFN-
914522100;AQAD9LcxG5SlmFN-
2012624199;AQADubUxG37VmFN-
2023063257;AQADQbYxG7BOmFN-
159982658;AQADs7cxGzgSmVN-
2034151605;AQADpbUxG5y7mVN-
159982658;AQADtLcxGzgSmVN-
159982658;AQADtbcxGzgSmVN-
159982658;AQADtrcxGzgSmVN-
2034151605;AQADprUxG5y7mVN-
2034151605;AQADp7UxG5y7mVN-
159982658;AQADt7cxGzgSmVN-
159982658;AQADuLcxGzgSmVN-
2034151605;AQADqLUxG5y7mVN-
159982658;AQADubcxGzgSmVN-
2034151605;AQADqbUxG5y7mVN-
159982658;AQADurcxGzgSmVN-
2034151605;AQADqrUxG5y7mVN-
2034151605;AQADq7UxG5y7mVN-
159982658;AQADvLcxGzgSmVN-
159982658;AQADvbcxGzgSmVN-
159982658;AQADvrcxGzgSmVN-
159982658;AQADv7cxGzgSmVN-
159982658;AQADwLcxGzgSmVN-
159982658;AQADwbcxGzgSmVN-
159982658;AQADwrcxGzgSmVN-
159982658;AQADw7cxGzgSmVN-
2023063257;AQADwbUxG0QCkVN-
2023063257;AQADwrUxG0QCkVN-
2023063257;AQADw7UxG0QCkVN-
2023063257;AQADxLUxG0QCkVN-
159982658;AQADxLcxGzgSmVN-
159982658;AQADxbcxGzgSmVN-
159982658;AQADxrcxGzgSmVN-
159982658;AQADx7cxGzgSmVN-
159982658;AQADyLcxGzgSmVN-
159982658;AQADybcxGzgSmVN-
159982658;AQADyrcxGzgSmVN-
2023063257;AQADvLUxG0QCkVN-
2023063257;AQADvbUxG0QCkVN-
2023063257;AQADvrUxG0QCkVN-
2023063257;AQADv7UxG0QCkVN-
2023063257;AQADwLUxG0QCkVN-
2023063257;AQADorUxG0QCkVN-
2023063257;AQADo7UxG0QCkVN-
2023063257;AQADpLUxG0QCkVN-
2023063257;AQADpbUxG0QCkVN-
2034151605;AQADtLUxG5y7mVN-
2039291770;AQADz7YxG8gFmVN-
2039291770;AQAD0LYxG8gFmVN-
872835691;AQAEqjEbLaSYR34
940298881;AQADILYxGxLBmVN-
940298881;AQADIbYxGxLBmVN-
872835691;AQADAaoxGy2kmEd-
940298881;AQADIrYxGxLBmVN-
872835691;AQADAqoxGy2kmEd-
2034151605;AQADuLUxG5y7mVN-
2034151605;AQADubUxG5y7mVN-
2039291770;AQAD07YxG8gFmVN-
2034151605;AQADurUxG5y7mVN-
2039291770;AQAD1LYxG8gFmVN-
2013264883;AQAD27gxG8d8mVN-
2039291770;AQAD2LYxG8gFmVN-
2039291770;AQAD2rYxG8gFmVN-
2013264883;AQAD3LgxG8d8mVN-
2023063257;AQADs7UxG0QCkVN-
2023063257;AQADtLUxG0QCkVN-
2023063257;AQADtbUxG0QCkVN-
2023063257;AQADtrUxG0QCkVN-
2023063257;AQADt7UxG0QCkVN-
2023063257;AQADuLUxG0QCkVN-
2039291770;AQAD27YxG8gFmVN-
2013264883;AQAD3bgxG8d8mVN-
2039291770;AQAD37YxG8gFmVN-
872835691;AQADBKoxGy2kmEd-
458998050;AQADXLYxGxxRmVN-
458998050;AQADXbYxGxxRmVN-
458998050;AQADXrYxGxxRmVN-
2039291770;AQAD4rYxG8gFmVN-
458998050;AQADYrYxGxxRmVN-
458998050;AQADY7YxGxxRmVN-
458998050;AQADZLYxGxxRmVN-
458998050;AQADZbYxGxxRmVN-
458998050;AQADZrYxGxxRmVN-
458998050;AQADZ7YxGxxRmVN-
458998050;AQADaLYxGxxRmVN-
458998050;AQADabYxGxxRmVN-
458998050;AQADarYxGxxRmVN-
2013264883;AQAD5LgxG8d8mVN-
458998050;AQADbrYxGxxRmVN-
458998050;AQADb7YxGxxRmVN-
458998050;AQADcLYxGxxRmVN-
872835691;AQADBqoxGy2kmEd-
2039291770;AQAD5bYxG8gFmVN-
2039291770;AQAD5rYxG8gFmVN-
2023063257;AQADrbUxG0QCkVN-
2023063257;AQADrrUxG0QCkVN-
2023063257;AQADr7UxG0QCkVN-
2023063257;AQADsLUxG0QCkVN-
2023063257;AQADsbUxG0QCkVN-
2023063257;AQADsrUxG0QCkVN-
2039291770;AQAD57YxG8gFmVN-
872835691;AQADB6oxGy2kmEd-
2039291770;AQAD6LYxG8gFmVN-
2039291770;AQAD6bYxG8gFmVN-
2039291770;AQAD6rYxG8gFmVN-
458998050;AQADcbYxGxxRmVN-
458998050;AQADc7YxGxxRmVN-
458998050;AQADcrYxGxxRmVN-
2023063257;AQADprUxG0QCkVN-
2023063257;AQADp7UxG0QCkVN-
2023063257;AQADqLUxG0QCkVN-
2023063257;AQADqbUxG0QCkVN-
2023063257;AQADqrUxG0QCkVN-
2023063257;AQADq7UxG0QCkVN-
2023063257;AQADrLUxG0QCkVN-
2039291770;AQAD9rYxG8gFmVN-
2039291770;AQAD97YxG8gFmVN-
872835691;AQADCKoxGy2kmEd-
458998050;AQADeLYxGxxRmVN-
458998050;AQADebYxGxxRmVN-
458998050;AQADerYxGxxRmVN-
458998050;AQADe7YxGxxRmVN-
458998050;AQADfLYxGxxRmVN-
2039291770;AQAD_rYxG8gFmVN-
458998050;AQADfrYxGxxRmVN-
2039291770;AQAD_7YxG8gFmVN-
2039291770;AQAEtzEbyAWZU34
872835691;AQADCqoxGy2kmEd-
2039291770;AQADAbcxG8gFmVN-
2039291770;AQADArcxG8gFmVN-
2039291770;AQADA7cxG8gFmVN-
2039291770;AQADBLcxG8gFmVN-
2039291770;AQADBbcxG8gFmVN-
872835691;AQADC6oxGy2kmEd-
872835691;AQADDKoxGy2kmEd-
872835691;AQADDaoxGy2kmEd-
872835691;AQADDqoxGy2kmEd-
2039291770;AQADFbcxG8gFmVN-
2039291770;AQADFrcxG8gFmVN-
872835691;AQADEaoxGy2kmEd-
2039291770;AQADF7cxG8gFmVN-
2039291770;AQADGLcxG8gFmVN-
2039291770;AQADGbcxG8gFmVN-
2039291770;AQADGrcxG8gFmVN-
2039291770;AQADG7cxG8gFmVN-
2039291770;AQADHLcxG8gFmVN-
2039291770;AQADHbcxG8gFmVN-
2039291770;AQADHrcxG8gFmVN-
2039291770;AQADH7cxG8gFmVN-
458998050;AQADiLYxGxxRmVN-
458998050;AQADibYxGxxRmVN-
458998050;AQADirYxGxxRmVN-
872835691;AQADE6oxGy2kmEd-
458998050;AQADi7YxGxxRmVN-
458998050;AQADjLYxGxxRmVN-
458998050;AQADjbYxGxxRmVN-
458998050;AQADjrYxGxxRmVN-
872835691;AQADFKoxGy2kmEd-
2039291770;AQADJbcxG8gFmVN-
458998050;AQADkbYxGxxRmVN-
2039291770;AQADJrcxG8gFmVN-
2039291770;AQADJ7cxG8gFmVN-
458998050;AQADkrYxGxxRmVN-
458998050;AQADk7YxGxxRmVN-
458998050;AQADlLYxGxxRmVN-
2039291770;AQADKbcxG8gFmVN-
2039291770;AQADKrcxG8gFmVN-
2034151605;AQAD2rUxG5y7mVN9
2039291770;AQAD4roxG8gFoVN9
872835691;AQADJKoxGy2kmEd-
872835691;AQADJaoxGy2kmEd-
458998050;AQADQrcxGxxRoVN-
458998050;AQADQ7cxGxxRoVN-
2034151605;AQADlrYxG5y7oVN9
159982658;AQADq7YxGzgSoVN-
159982658;AQADzLcxG4PJoVN-
2034151605;AQADHLgxGz79oVN-
2034151605;AQADHbgxGz79oVN-
2034151605;AQADHrgxGz79oVN-
159982658;AQAD0rcxG4PJoVN-
2034151605;AQADILgxGz79oVN-
2034151605;AQADMrgxGz79oVN-
2034151605;AQADNrgxGz79oVN-
2034151605;AQADN7gxGz79oVN-
2013264883;AQADYrYxGw0IoVN-
159982658;AQAD7rcxG4PJoVN-
2034151605;AQADR7gxGz79oVN9
2034151605;AQADSLgxGz79oVN-
2034151605;AQADSbgxGz79oVN-
2034151605;AQADSrgxGz79oVN9
2034151605;AQADS7gxGz79oVN-
2034151605;AQADTLgxGz79oVN-
2034151605;AQADTbgxGz79oVN-
2023063257;AQADCLYxG828oFN-
2023063257;AQADCbYxG828oFN-
2023063257;AQADCrYxG828oFN-
2023063257;AQADC7YxG828oFN-
2023063257;AQADDLYxG828oFN-
2023063257;AQADDbYxG828oFN-
2023063257;AQADDrYxG828oFN-
2023063257;AQADD7YxG828oFN-
2023063257;AQADELYxG828oFN-
2023063257;AQADEbYxG828oFN-
2023063257;AQADE7YxG828oFN-
2023063257;AQADFLYxG828oFN-
2023063257;AQADFbYxG828oFN-
2023063257;AQADFrYxG828oFN-
2023063257;AQADF7YxG828oFN-
2023063257;AQADGLYxG828oFN-
159982658;AQADGrgxG4PJoVN-
159982658;AQADHLgxG4PJoVN-
2034151605;AQADd7cxGz79qVN9
2034151605;AQADeLcxGz79qVN9
2034151605;AQADercxGz79qVN9
2034151605;AQADe7cxGz79qVN-
2034151605;AQADfLcxGz79qVN-
2034151605;AQADfbcxGz79qVN-
2034151605;AQADf7cxGz79qVN-
2013264883;AQAD9bcxGw0IsVN-
2013264883;AQAD9rcxGw0IsVN-
2013264883;AQAD97cxGw0IsVN-
2013264883;AQAD-LcxGw0IsVN-
2013264883;AQAD-bcxGw0IsVN-
