BOT_ID;CATS
981802604;commonCats\serbesaBierCat_.jpeg, commonCats\creamCat_.jpeg, commonCats\shrimpCat_.jpeg, commonCats\whiteMonstaCat_.jpeg, commonCats\brocoCat_.jpeg
1930136278;commonCats\potatoCat_.jpeg, commonCats\pringlesCat_.jpeg, commonCats\whiteMonstaCat_.jpeg, commonCats\cornCat_.jpeg, commonCats\croissantCat_.jpeg, commonCats\bananCat_.jpeg, commonCats\purpleMonstaCat_.jpeg, commonCats\blueMonstaCat_.jpeg, commonCats\mangoCat_.jpeg, commonCats\babelTiCat_.jpeg, commonCats\sirialBoulCat_.jpeg, commonCats\chocolateCat_.jpeg, commonCats\seboiaCat_.jpeg, commonCats\rbCat_.jpeg, commonCats\cakeCat_.jpeg, commonCats\brocoCat_.jpeg, commonCats\popcornCat_.jpeg, commonCats\blackMonstaCat_.jpeg, commonCats\serbesaBierCat_.jpeg, commonCats\koreanCat_.jpeg, commonCats\gyozaCat_.jpeg, commonCats\sandwichCat_.jpeg, commonCats\eggoCat_.jpeg, commonCats\dragonFruitCat_.jpeg, commonCats\blueBerryCat_.jpeg, commonCats\redMonstaCat_.jpeg, commonCats\peanutCat_.jpeg, commonCats\lemonCat_.jpeg, commonCats\creamCat_.jpeg, commonCats\mangoMonstaCat_.jpeg, commonCats\shrimpCat_.jpeg, commonCats\legoCat_.jpeg, commonCats\cookieCat_.jpeg
932020044;commonCats\popcornCat_.jpeg, commonCats\cupcakeCat_.jpeg, commonCats\babelTiCat_.jpeg, commonCats\greenMonstaCat_.jpeg, commonCats\seboiaCat_.jpeg, commonCats\mangoMonstaCat_.jpeg, commonCats\shrimpCat_.jpeg, commonCats\blackMonstaCat_.jpeg, commonCats\eggoCat_.jpeg, commonCats\whiteMonstaCat_.jpeg, commonCats\purpleMonstaCat_.jpeg, commonCats\lemonCat_.jpeg, commonCats\dragonFruitCat_.jpeg, commonCats\sandwichCat_.jpeg, commonCats\blueBerryCat_.jpeg, commonCats\gyozaCat_.jpeg, commonCats\legoCat_.jpeg, commonCats\koreanCat_.jpeg, commonCats\bananCat_.jpeg, commonCats\creamCat_.jpeg, commonCats\chocolateCat_.jpeg, commonCats\redMonstaCat_.jpeg, commonCats\pringlesCat_.jpeg, commonCats\cookieCat_.jpeg, commonCats\mangoCat_.jpeg, commonCats\croissantCat_.jpeg, commonCats\serbesaBierCat_.jpeg, commonCats\cakeCat_.jpeg, commonCats\rbCat_.jpeg, commonCats\cornCat_.jpeg, commonCats\potatoCat_.jpeg, commonCats\peanutCat_.jpeg, commonCats\brocoCat_.jpeg, commonCats\sirialBoulCat_.jpeg, commonCats\blueMonstaCat_.jpeg
2037800205;commonCats\blueMonstaCat_.jpeg, commonCats\brocoCat_.jpeg, commonCats\cakeCat_.jpeg, commonCats\eggoCat_.jpeg, commonCats\cornCat_.jpeg, commonCats\lemonCat_.jpeg, commonCats\dragonFruitCat_.jpeg, commonCats\koreanCat_.jpeg, commonCats\legoCat_.jpeg, commonCats\whiteMonstaCat_.jpeg, commonCats\cookieCat_.jpeg, commonCats\croissantCat_.jpeg, commonCats\greenMonstaCat_.jpeg, commonCats\peanutCat_.jpeg, commonCats\gyozaCat_.jpeg, commonCats\sirialBoulCat_.jpeg, commonCats\serbesaBierCat_.jpeg, commonCats\blueBerryCat_.jpeg, commonCats\sandwichCat_.jpeg, commonCats\shrimpCat_.jpeg, commonCats\mangoCat_.jpeg, commonCats\mangoMonstaCat_.jpeg, commonCats\bananCat_.jpeg, commonCats\creamCat_.jpeg, commonCats\cupcakeCat_.jpeg, commonCats\popcornCat_.jpeg, commonCats\purpleMonstaCat_.jpeg, commonCats\potatoCat_.jpeg, commonCats\rbCat_.jpeg, commonCats\redMonstaCat_.jpeg, commonCats\seboiaCat_.jpeg, commonCats\pringlesCat_.jpeg, commonCats\blackMonstaCat_.jpeg, commonCats\babelTiCat_.jpeg, commonCats\chocolateCat_.jpeg
750747669;commonCats\sandwichCat_.jpeg, commonCats\cornCat_.jpeg, commonCats\dragonFruitCat_.jpeg, commonCats\cookieCat_.jpeg, commonCats\koreanCat_.jpeg, commonCats\chocolateCat_.jpeg, commonCats\peanutCat_.jpeg, commonCats\babelTiCat_.jpeg, commonCats\cakeCat_.jpeg, commonCats\gyozaCat_.jpeg, commonCats\pringlesCat_.jpeg, commonCats\blueMonstaCat_.jpeg, commonCats\bananCat_.jpeg, commonCats\rbCat_.jpeg, commonCats\blackMonstaCat_.jpeg, commonCats\eggoCat_.jpeg, commonCats\mangoMonstaCat_.jpeg, commonCats\brocoCat_.jpeg, commonCats\mangoCat_.jpeg, commonCats\blueBerryCat_.jpeg, commonCats\legoCat_.jpeg, commonCats\whiteMonstaCat_.jpeg, commonCats\creamCat_.jpeg, commonCats\serbesaBierCat_.jpeg, commonCats\greenMonstaCat_.jpeg, commonCats\croissantCat_.jpeg, commonCats\shrimpCat_.jpeg, commonCats\popcornCat_.jpeg, commonCats\potatoCat_.jpeg, commonCats\purpleMonstaCat_.jpeg, commonCats\sirialBoulCat_.jpeg, commonCats\redMonstaCat_.jpeg, commonCats\cupcakeCat_.jpeg, commonCats\seboiaCat_.jpeg, commonCats\lemonCat_.jpeg
1350739895;commonCats\croissantCat_.jpeg, commonCats\legoCat_.jpeg, commonCats\gyozaCat_.jpeg, commonCats\koreanCat_.jpeg, commonCats\rbCat_.jpeg, commonCats\cookieCat_.jpeg, commonCats\lemonCat_.jpeg, commonCats\purpleMonstaCat_.jpeg, commonCats\greenMonstaCat_.jpeg, commonCats\mangoMonstaCat_.jpeg, commonCats\blackMonstaCat_.jpeg, commonCats\peanutCat_.jpeg, commonCats\whiteMonstaCat_.jpeg, commonCats\eggoCat_.jpeg, commonCats\sandwichCat_.jpeg, commonCats\cupcakeCat_.jpeg, commonCats\pringlesCat_.jpeg, commonCats\potatoCat_.jpeg, commonCats\cakeCat_.jpeg, commonCats\mangoCat_.jpeg, commonCats\seboiaCat_.jpeg, commonCats\blueBerryCat_.jpeg, commonCats\chocolateCat_.jpeg, commonCats\shrimpCat_.jpeg, commonCats\creamCat_.jpeg, commonCats\sirialBoulCat_.jpeg, commonCats\redMonstaCat_.jpeg, commonCats\serbesaBierCat_.jpeg, commonCats\dragonFruitCat_.jpeg, commonCats\blueMonstaCat_.jpeg, commonCats\bananCat_.jpeg, commonCats\popcornCat_.jpeg, commonCats\babelTiCat_.jpeg, commonCats\brocoCat_.jpeg, commonCats\cornCat_.jpeg
2023063257;commonCats\cookieCat_.jpeg, commonCats\sandwichCat_.jpeg, commonCats\rbCat_.jpeg, commonCats\chocolateCat_.jpeg, commonCats\shrimpCat_.jpeg, commonCats\dragonFruitCat_.jpeg, commonCats\potatoCat_.jpeg, commonCats\croissantCat_.jpeg, commonCats\peanutCat_.jpeg, commonCats\bananCat_.jpeg, commonCats\seboiaCat_.jpeg, commonCats\lemonCat_.jpeg, commonCats\blueMonstaCat_.jpeg, commonCats\koreanCat_.jpeg, commonCats\serbesaBierCat_.jpeg, commonCats\pringlesCat_.jpeg, commonCats\cornCat_.jpeg, commonCats\sirialBoulCat_.jpeg, commonCats\eggoCat_.jpeg, commonCats\mangoMonstaCat_.jpeg, commonCats\cakeCat_.jpeg, commonCats\mangoCat_.jpeg, commonCats\cupcakeCat_.jpeg, commonCats\blueBerryCat_.jpeg, commonCats\blackMonstaCat_.jpeg, commonCats\creamCat_.jpeg, commonCats\popcornCat_.jpeg, commonCats\greenMonstaCat_.jpeg, commonCats\purpleMonstaCat_.jpeg, commonCats\babelTiCat_.jpeg, commonCats\whiteMonstaCat_.jpeg, commonCats\redMonstaCat_.jpeg, commonCats\brocoCat_.jpeg, commonCats\gyozaCat_.jpeg, commonCats\legoCat_.jpeg
872835691;commonCats\babelTiCat_.jpeg, commonCats\brocoCat_.jpeg, commonCats\lemonCat_.jpeg, commonCats\mangoCat_.jpeg, commonCats\greenMonstaCat_.jpeg, commonCats\eggoCat_.jpeg, commonCats\koreanCat_.jpeg, commonCats\legoCat_.jpeg, commonCats\seboiaCat_.jpeg, commonCats\redMonstaCat_.jpeg, commonCats\serbesaBierCat_.jpeg, commonCats\cupcakeCat_.jpeg, commonCats\purpleMonstaCat_.jpeg, commonCats\blueBerryCat_.jpeg, commonCats\cookieCat_.jpeg, commonCats\cornCat_.jpeg, commonCats\gyozaCat_.jpeg, commonCats\whiteMonstaCat_.jpeg, commonCats\pringlesCat_.jpeg, commonCats\creamCat_.jpeg, commonCats\sandwichCat_.jpeg, commonCats\popcornCat_.jpeg, commonCats\dragonFruitCat_.jpeg, commonCats\chocolateCat_.jpeg, commonCats\cakeCat_.jpeg, commonCats\shrimpCat_.jpeg, commonCats\blackMonstaCat_.jpeg, commonCats\mangoMonstaCat_.jpeg
1727235285;commonCats\seboiaCat_.jpeg, commonCats\mangoCat_.jpeg, commonCats\koreanCat_.jpeg, commonCats\purpleMonstaCat_.jpeg, commonCats\gyozaCat_.jpeg, commonCats\potatoCat_.jpeg, commonCats\popcornCat_.jpeg, commonCats\greenMonstaCat_.jpeg, commonCats\whiteMonstaCat_.jpeg, commonCats\bananCat_.jpeg, commonCats\croissantCat_.jpeg, commonCats\sirialBoulCat_.jpeg, commonCats\babelTiCat_.jpeg, commonCats\sandwichCat_.jpeg, commonCats\chocolateCat_.jpeg, commonCats\mangoMonstaCat_.jpeg, commonCats\cornCat_.jpeg, commonCats\legoCat_.jpeg, commonCats\cakeCat_.jpeg, commonCats\dragonFruitCat_.jpeg, commonCats\cupcakeCat_.jpeg, commonCats\eggoCat_.jpeg, commonCats\redMonstaCat_.jpeg, commonCats\rbCat_.jpeg, commonCats\cookieCat_.jpeg, commonCats\shrimpCat_.jpeg, commonCats\blueBerryCat_.jpeg, commonCats\peanutCat_.jpeg, commonCats\pringlesCat_.jpeg, commonCats\lemonCat_.jpeg, commonCats\blackMonstaCat_.jpeg, commonCats\brocoCat_.jpeg, commonCats\blueMonstaCat_.jpeg, commonCats\creamCat_.jpeg, commonCats\serbesaBierCat_.jpeg
1708891973;commonCats\chocolateCat_.jpeg, commonCats\blackMonstaCat_.jpeg, commonCats\koreanCat_.jpeg, commonCats\purpleMonstaCat_.jpeg, commonCats\lemonCat_.jpeg, commonCats\mangoCat_.jpeg, commonCats\shrimpCat_.jpeg, commonCats\eggoCat_.jpeg, commonCats\dragonFruitCat_.jpeg, commonCats\pringlesCat_.jpeg, commonCats\whiteMonstaCat_.jpeg, commonCats\creamCat_.jpeg, commonCats\mangoMonstaCat_.jpeg, commonCats\babelTiCat_.jpeg, commonCats\serbesaBierCat_.jpeg, commonCats\peanutCat_.jpeg, commonCats\cookieCat_.jpeg, commonCats\potatoCat_.jpeg, commonCats\greenMonstaCat_.jpeg, commonCats\rbCat_.jpeg, commonCats\croissantCat_.jpeg, commonCats\sirialBoulCat_.jpeg, commonCats\blueBerryCat_.jpeg, commonCats\sandwichCat_.jpeg, commonCats\seboiaCat_.jpeg, commonCats\popcornCat_.jpeg, commonCats\bananCat_.jpeg, commonCats\cupcakeCat_.jpeg, commonCats\redMonstaCat_.jpeg, commonCats\legoCat_.jpeg, commonCats\blueMonstaCat_.jpeg, commonCats\cakeCat_.jpeg, commonCats\gyozaCat_.jpeg, commonCats\brocoCat_.jpeg, commonCats\cornCat_.jpeg
1981351183;commonCats\seboiaCat_.jpeg, commonCats\redMonstaCat_.jpeg, commonCats\cupcakeCat_.jpeg, commonCats\sirialBoulCat_.jpeg, commonCats\lemonCat_.jpeg, commonCats\pringlesCat_.jpeg, commonCats\popcornCat_.jpeg, commonCats\sandwichCat_.jpeg, commonCats\potatoCat_.jpeg, commonCats\greenMonstaCat_.jpeg, commonCats\dragonFruitCat_.jpeg, commonCats\babelTiCat_.jpeg, commonCats\brocoCat_.jpeg, commonCats\croissantCat_.jpeg, commonCats\creamCat_.jpeg, commonCats\koreanCat_.jpeg, commonCats\rbCat_.jpeg
2040841214;commonCats\potatoCat_.jpeg, commonCats\serbesaBierCat_.jpeg, commonCats\legoCat_.jpeg, commonCats\seboiaCat_.jpeg, commonCats\popcornCat_.jpeg, commonCats\greenMonstaCat_.jpeg, commonCats\brocoCat_.jpeg, commonCats\creamCat_.jpeg, commonCats\purpleMonstaCat_.jpeg, commonCats\mangoMonstaCat_.jpeg, commonCats\sirialBoulCat_.jpeg, commonCats\pringlesCat_.jpeg, commonCats\peanutCat_.jpeg, commonCats\bananCat_.jpeg, commonCats\cookieCat_.jpeg, commonCats\koreanCat_.jpeg, commonCats\eggoCat_.jpeg, commonCats\whiteMonstaCat_.jpeg, commonCats\croissantCat_.jpeg, commonCats\mangoCat_.jpeg, commonCats\gyozaCat_.jpeg, commonCats\cupcakeCat_.jpeg, commonCats\cornCat_.jpeg, commonCats\blueBerryCat_.jpeg, commonCats\cakeCat_.jpeg, commonCats\dragonFruitCat_.jpeg, commonCats\sandwichCat_.jpeg, commonCats\babelTiCat_.jpeg, commonCats\blueMonstaCat_.jpeg, commonCats\shrimpCat_.jpeg, commonCats\redMonstaCat_.jpeg, commonCats\lemonCat_.jpeg, commonCats\rbCat_.jpeg, commonCats\chocolateCat_.jpeg, commonCats\blackMonstaCat_.jpeg
1975576679;commonCats\dragonFruitCat_.jpeg, commonCats\potatoCat_.jpeg, commonCats\serbesaBierCat_.jpeg, commonCats\legoCat_.jpeg, commonCats\popcornCat_.jpeg, commonCats\lemonCat_.jpeg, commonCats\pringlesCat_.jpeg, commonCats\shrimpCat_.jpeg, commonCats\sandwichCat_.jpeg, commonCats\eggoCat_.jpeg, commonCats\croissantCat_.jpeg, commonCats\cornCat_.jpeg, commonCats\sirialBoulCat_.jpeg, commonCats\brocoCat_.jpeg, commonCats\purpleMonstaCat_.jpeg, commonCats\koreanCat_.jpeg, commonCats\whiteMonstaCat_.jpeg, commonCats\blackMonstaCat_.jpeg, commonCats\cupcakeCat_.jpeg, commonCats\cakeCat_.jpeg, commonCats\blueMonstaCat_.jpeg, commonCats\redMonstaCat_.jpeg, commonCats\mangoMonstaCat_.jpeg, commonCats\gyozaCat_.jpeg, commonCats\bananCat_.jpeg, commonCats\seboiaCat_.jpeg, commonCats\chocolateCat_.jpeg, commonCats\rbCat_.jpeg, commonCats\peanutCat_.jpeg, commonCats\mangoCat_.jpeg, commonCats\cookieCat_.jpeg, commonCats\creamCat_.jpeg, commonCats\greenMonstaCat_.jpeg, commonCats\blueBerryCat_.jpeg
1528456145;commonCats\redMonstaCat_.jpeg, commonCats\cornCat_.jpeg, commonCats\lemonCat_.jpeg, commonCats\peanutCat_.jpeg, commonCats\sirialBoulCat_.jpeg, commonCats\chocolateCat_.jpeg, commonCats\croissantCat_.jpeg, commonCats\brocoCat_.jpeg, commonCats\rbCat_.jpeg, commonCats\koreanCat_.jpeg, commonCats\greenMonstaCat_.jpeg, commonCats\sandwichCat_.jpeg, commonCats\creamCat_.jpeg, commonCats\babelTiCat_.jpeg, commonCats\cupcakeCat_.jpeg, commonCats\blackMonstaCat_.jpeg, commonCats\blueMonstaCat_.jpeg, commonCats\serbesaBierCat_.jpeg, commonCats\mangoMonstaCat_.jpeg, commonCats\cookieCat_.jpeg, commonCats\blueBerryCat_.jpeg, commonCats\popcornCat_.jpeg, commonCats\potatoCat_.jpeg, commonCats\shrimpCat_.jpeg, commonCats\eggoCat_.jpeg, commonCats\gyozaCat_.jpeg, commonCats\cakeCat_.jpeg, commonCats\seboiaCat_.jpeg, commonCats\legoCat_.jpeg, commonCats\whiteMonstaCat_.jpeg, commonCats\bananCat_.jpeg, commonCats\purpleMonstaCat_.jpeg
2034151605;commonCats\rbCat_.jpeg, commonCats\croissantCat_.jpeg, commonCats\cupcakeCat_.jpeg, commonCats\blueBerryCat_.jpeg, commonCats\eggoCat_.jpeg, commonCats\cakeCat_.jpeg, commonCats\potatoCat_.jpeg, commonCats\cookieCat_.jpeg, commonCats\creamCat_.jpeg, commonCats\blackMonstaCat_.jpeg, commonCats\whiteMonstaCat_.jpeg, commonCats\mangoCat_.jpeg, commonCats\brocoCat_.jpeg, commonCats\blueMonstaCat_.jpeg, commonCats\purpleMonstaCat_.jpeg, commonCats\peanutCat_.jpeg, commonCats\dragonFruitCat_.jpeg, commonCats\greenMonstaCat_.jpeg, commonCats\sandwichCat_.jpeg, commonCats\babelTiCat_.jpeg, commonCats\chocolateCat_.jpeg, commonCats\sirialBoulCat_.jpeg, commonCats\lemonCat_.jpeg, commonCats\cornCat_.jpeg, commonCats\pringlesCat_.jpeg, commonCats\koreanCat_.jpeg, commonCats\popcornCat_.jpeg, commonCats\mangoMonstaCat_.jpeg, commonCats\bananCat_.jpeg, commonCats\legoCat_.jpeg, commonCats\shrimpCat_.jpeg, commonCats\serbesaBierCat_.jpeg, commonCats\seboiaCat_.jpeg, commonCats\gyozaCat_.jpeg, commonCats\redMonstaCat_.jpeg
65741497;commonCats\creamCat_.jpeg, commonCats\babelTiCat_.jpeg, commonCats\blueBerryCat_.jpeg, commonCats\dragonFruitCat_.jpeg, commonCats\greenMonstaCat_.jpeg, commonCats\shrimpCat_.jpeg, commonCats\purpleMonstaCat_.jpeg, commonCats\pringlesCat_.jpeg, commonCats\mangoCat_.jpeg, commonCats\rbCat_.jpeg, commonCats\blackMonstaCat_.jpeg, commonCats\legoCat_.jpeg, commonCats\cookieCat_.jpeg, commonCats\croissantCat_.jpeg, commonCats\cupcakeCat_.jpeg, commonCats\sandwichCat_.jpeg, commonCats\blueMonstaCat_.jpeg, commonCats\cornCat_.jpeg, commonCats\peanutCat_.jpeg, commonCats\sirialBoulCat_.jpeg, commonCats\redMonstaCat_.jpeg, commonCats\koreanCat_.jpeg, commonCats\whiteMonstaCat_.jpeg, commonCats\mangoMonstaCat_.jpeg, commonCats\cakeCat_.jpeg, commonCats\chocolateCat_.jpeg, commonCats\eggoCat_.jpeg, commonCats\potatoCat_.jpeg, commonCats\serbesaBierCat_.jpeg, commonCats\popcornCat_.jpeg, commonCats\brocoCat_.jpeg, commonCats\bananCat_.jpeg, commonCats\seboiaCat_.jpeg, commonCats\lemonCat_.jpeg, commonCats\gyozaCat_.jpeg
1086700179;commonCats\cookieCat_.jpeg, commonCats\lemonCat_.jpeg, commonCats\koreanCat_.jpeg, commonCats\shrimpCat_.jpeg, commonCats\cornCat_.jpeg, commonCats\sirialBoulCat_.jpeg, commonCats\purpleMonstaCat_.jpeg, commonCats\brocoCat_.jpeg, commonCats\cupcakeCat_.jpeg, commonCats\serbesaBierCat_.jpeg, commonCats\cakeCat_.jpeg, commonCats\blueBerryCat_.jpeg, commonCats\blackMonstaCat_.jpeg, commonCats\legoCat_.jpeg, commonCats\dragonFruitCat_.jpeg
2037443125;commonCats\popcornCat_.jpeg, commonCats\brocoCat_.jpeg, commonCats\rbCat_.jpeg, commonCats\cornCat_.jpeg, commonCats\pringlesCat_.jpeg, commonCats\redMonstaCat_.jpeg
2006278703;commonCats\rbCat_.jpeg, commonCats\blackMonstaCat_.jpeg, commonCats\redMonstaCat_.jpeg, commonCats\koreanCat_.jpeg, commonCats\seboiaCat_.jpeg, commonCats\dragonFruitCat_.jpeg, commonCats\peanutCat_.jpeg, commonCats\babelTiCat_.jpeg, commonCats\whiteMonstaCat_.jpeg, commonCats\cornCat_.jpeg, commonCats\mangoMonstaCat_.jpeg, commonCats\eggoCat_.jpeg, commonCats\cupcakeCat_.jpeg, commonCats\bananCat_.jpeg, commonCats\mangoCat_.jpeg, commonCats\legoCat_.jpeg, commonCats\greenMonstaCat_.jpeg, commonCats\potatoCat_.jpeg, commonCats\sirialBoulCat_.jpeg, commonCats\creamCat_.jpeg, commonCats\croissantCat_.jpeg, commonCats\gyozaCat_.jpeg, commonCats\popcornCat_.jpeg, commonCats\serbesaBierCat_.jpeg, commonCats\blueBerryCat_.jpeg, commonCats\blueMonstaCat_.jpeg, commonCats\cakeCat_.jpeg, commonCats\brocoCat_.jpeg, commonCats\shrimpCat_.jpeg, commonCats\sandwichCat_.jpeg, commonCats\purpleMonstaCat_.jpeg
1194823483;commonCats\seboiaCat_.jpeg, commonCats\gyozaCat_.jpeg, commonCats\koreanCat_.jpeg, commonCats\blueMonstaCat_.jpeg, commonCats\blackMonstaCat_.jpeg, commonCats\purpleMonstaCat_.jpeg, commonCats\cornCat_.jpeg, commonCats\greenMonstaCat_.jpeg, commonCats\peanutCat_.jpeg, commonCats\popcornCat_.jpeg, commonCats\rbCat_.jpeg, commonCats\cookieCat_.jpeg, commonCats\bananCat_.jpeg, commonCats\shrimpCat_.jpeg, commonCats\sirialBoulCat_.jpeg, commonCats\serbesaBierCat_.jpeg, commonCats\pringlesCat_.jpeg, commonCats\dragonFruitCat_.jpeg, commonCats\whiteMonstaCat_.jpeg, commonCats\brocoCat_.jpeg, commonCats\lemonCat_.jpeg, commonCats\chocolateCat_.jpeg, commonCats\mangoMonstaCat_.jpeg, commonCats\sandwichCat_.jpeg, commonCats\eggoCat_.jpeg, commonCats\legoCat_.jpeg, commonCats\potatoCat_.jpeg, commonCats\babelTiCat_.jpeg, commonCats\blueBerryCat_.jpeg, commonCats\redMonstaCat_.jpeg, commonCats\cupcakeCat_.jpeg, commonCats\creamCat_.jpeg, commonCats\mangoCat_.jpeg, commonCats\cakeCat_.jpeg, commonCats\croissantCat_.jpeg
159982658;commonCats\rbCat_.jpeg
2031786802;commonCats\brocoCat_.jpeg, commonCats\koreanCat_.jpeg, commonCats\popcornCat_.jpeg, commonCats\blackMonstaCat_.jpeg, commonCats\legoCat_.jpeg, commonCats\purpleMonstaCat_.jpeg, commonCats\gyozaCat_.jpeg, commonCats\sandwichCat_.jpeg, commonCats\mangoMonstaCat_.jpeg, commonCats\cakeCat_.jpeg, commonCats\cupcakeCat_.jpeg, commonCats\eggoCat_.jpeg, commonCats\dragonFruitCat_.jpeg, commonCats\whiteMonstaCat_.jpeg, commonCats\lemonCat_.jpeg, commonCats\blueMonstaCat_.jpeg, commonCats\peanutCat_.jpeg, commonCats\serbesaBierCat_.jpeg, commonCats\bananCat_.jpeg, commonCats\greenMonstaCat_.jpeg, commonCats\shrimpCat_.jpeg, commonCats\seboiaCat_.jpeg, commonCats\croissantCat_.jpeg, commonCats\chocolateCat_.jpeg, commonCats\cookieCat_.jpeg, commonCats\sirialBoulCat_.jpeg, commonCats\babelTiCat_.jpeg, commonCats\mangoCat_.jpeg, commonCats\potatoCat_.jpeg, commonCats\pringlesCat_.jpeg, commonCats\redMonstaCat_.jpeg, commonCats\rbCat_.jpeg, commonCats\cornCat_.jpeg, commonCats\creamCat_.jpeg, commonCats\blueBerryCat_.jpeg
2052628137;commonCats\peanutCat_.jpeg, commonCats\mangoMonstaCat_.jpeg, commonCats\cookieCat_.jpeg, commonCats\rbCat_.jpeg, commonCats\potatoCat_.jpeg, commonCats\blueBerryCat_.jpeg, commonCats\redMonstaCat_.jpeg, commonCats\bananCat_.jpeg, commonCats\cupcakeCat_.jpeg, commonCats\blueMonstaCat_.jpeg, commonCats\legoCat_.jpeg, commonCats\chocolateCat_.jpeg, commonCats\lemonCat_.jpeg, commonCats\serbesaBierCat_.jpeg, commonCats\sandwichCat_.jpeg, commonCats\eggoCat_.jpeg, commonCats\cornCat_.jpeg, commonCats\shrimpCat_.jpeg, commonCats\blackMonstaCat_.jpeg, commonCats\dragonFruitCat_.jpeg, commonCats\purpleMonstaCat_.jpeg, commonCats\babelTiCat_.jpeg, commonCats\pringlesCat_.jpeg, commonCats\croissantCat_.jpeg, commonCats\seboiaCat_.jpeg, commonCats\cakeCat_.jpeg, commonCats\koreanCat_.jpeg, commonCats\gyozaCat_.jpeg, commonCats\greenMonstaCat_.jpeg, commonCats\popcornCat_.jpeg, commonCats\whiteMonstaCat_.jpeg, commonCats\brocoCat_.jpeg, commonCats\creamCat_.jpeg, commonCats\sirialBoulCat_.jpeg, commonCats\mangoCat_.jpeg
2012624199;commonCats\serbesaBierCat_.jpeg, commonCats\croissantCat_.jpeg, commonCats\pringlesCat_.jpeg, commonCats\bananCat_.jpeg
1754447751;commonCats\mangoCat_.jpeg, commonCats\whiteMonstaCat_.jpeg, commonCats\potatoCat_.jpeg, commonCats\blueMonstaCat_.jpeg, commonCats\popcornCat_.jpeg, commonCats\chocolateCat_.jpeg, commonCats\shrimpCat_.jpeg, commonCats\peanutCat_.jpeg, commonCats\cornCat_.jpeg, commonCats\redMonstaCat_.jpeg, commonCats\croissantCat_.jpeg, commonCats\greenMonstaCat_.jpeg, commonCats\sirialBoulCat_.jpeg, commonCats\eggoCat_.jpeg, commonCats\gyozaCat_.jpeg, commonCats\brocoCat_.jpeg, commonCats\seboiaCat_.jpeg, commonCats\cupcakeCat_.jpeg, commonCats\mangoMonstaCat_.jpeg, commonCats\legoCat_.jpeg, commonCats\creamCat_.jpeg, commonCats\rbCat_.jpeg, commonCats\purpleMonstaCat_.jpeg, commonCats\blackMonstaCat_.jpeg, commonCats\cakeCat_.jpeg, commonCats\pringlesCat_.jpeg, commonCats\bananCat_.jpeg, commonCats\sandwichCat_.jpeg, commonCats\serbesaBierCat_.jpeg, commonCats\babelTiCat_.jpeg, commonCats\blueBerryCat_.jpeg, commonCats\koreanCat_.jpeg, commonCats\cookieCat_.jpeg, commonCats\dragonFruitCat_.jpeg
